strategy,ARR,AVol,SR,MDD,CR,IR
EqualWeight(1/N),0.17867894699184483,0.265577211014082,0.6192094114347074,-0.17648542193443728,1.0124289305788805,0.0
BuyAndHold,0.15838971040462524,0.25851163438696884,0.5689251151607642,-0.17638932032970422,0.8979552169517158,-0.8810557057120333
Random-topk,0.7615175599274921,0.288011831956872,1.9680170146802172,-0.13031229049510729,5.843789231500647,3.600432352290357
Momentum-topk,0.7501145647225895,0.352678005936045,1.5887104281684326,-0.2281416920715652,3.287932853970803,1.9648920960476346
